address;worktime;withdrawable;refillable;payment_available;nfc
Санкт-Петербург, шоссе Московское, 14;Круглосуточно;False;False;True;False
г. Санкт-Петербург, 11-я линия В. О., д. 14/39;Доступен в режиме работы места установки;False;True;False;True
г. Санкт-Петербург, 18-я линия В. О., д. 29 Б;пн-пт 08:00-20:00, сб-вс 10:00-20:00;False;False;True;False
г. Санкт-Петербург, 18-я линия В. О., д. 3;Круглосуточно;False;False;True;True
г. Санкт-Петербург, 22-я линия В. О., д. 1;Круглосуточно;True;False;False;True
г. Санкт-Петербург, 3-я линия В. О., д. 34;пн-пт 08:00-20:00, сб-вс 10:00-20:00;True;True;True;False
г. Санкт-Петербург, 6-я линия В. О., д. 15;пн-пт 08:00-20:00, сб-вс 10:00-20:00;False;True;True;True
г. Санкт-Петербург, 8-я линия В. О., д. 73/23;пн-пт 08:00-20:00, сб-вс 10:00-20:00;False;False;True;False
г. Санкт-Петербург, 9-я линия В. О., д. 10;Круглосуточно;False;True;False;True
г. Санкт-Петербург, Биржевая линия, д. 1;Доступен в режиме работы места установки;True;False;True;True
г. Санкт-Петербург, Брантовская дорога, д. 3;пн-пт 08:00-20:00, сб-вс 10:00-20:00;True;False;True;True
г. Санкт-Петербург, Зеленогорск, просп. Ленина, 25, корп. 2;Доступен в режиме работы места установки;True;False;False;True
г. Санкт-Петербург, Зеленогорск, ул. Вокзальная, д. 7 Б;Круглосуточно;False;False;False;True
г. Санкт-Петербург, Зеленогорск, ул. Красных Курсантов, д. 16;Доступен в режиме работы места установки;True;True;False;False
г. Санкт-Петербург, КАД, 117-й км, стр. 1;Доступен в режиме работы места установки;True;True;False;True
г. Санкт-Петербург, КАД, 117-й км, стр. 1;Круглосуточно;True;False;False;True
г. Санкт-Петербург, Канонерский остров, д. 41;Доступен в режиме работы места установки;True;True;True;True
г. Санкт-Петербург, Колпино, бул. Трудящихся, 14;Доступен в режиме работы места установки;False;True;True;True
г. Санкт-Петербург, Колпино, бул. Трудящихся, 35, корп. 1;пн-пт 08:00-20:00, сб-вс 10:00-20:00;True;False;False;False
г. Санкт-Петербург, Колпино, бул. Трудящихся, д. 12;Круглосуточно;True;False;True;False
г. Санкт-Петербург, Колпино, бул. Трудящихся, д. 35, корп. 1а;Круглосуточно;False;True;True;False
г. Санкт-Петербург, Колпино, бул. Трудящихся, д. 35а;пн-пт 08:00-20:00, сб-вс 10:00-20:00;True;False;False;False
г. Санкт-Петербург, Колпино, просп. Ленина, 16/11;пн-пт 08:00-20:00, сб-вс 10:00-20:00;False;False;True;True
г. Санкт-Петербург, Колпино, просп. Ленина, д. 37;Доступен в режиме работы места установки;False;True;True;True
г. Санкт-Петербург, Колпино, ул. Веры Слуцкой, 38;пн-пт 08:00-20:00, сб-вс 10:00-20:00;False;True;True;True
г. Санкт-Петербург, Колпино, ул. Ижорского Батальона, 7;пн-пт 08:00-20:00, сб-вс 10:00-20:00;False;True;True;True
г. Санкт-Петербург, Колпино, ул. Октябрьская, 8;Доступен в режиме работы места установки;False;True;True;False
г. Санкт-Петербург, Колпино, ул. Пролетарская, 36, корп. А;Доступен в режиме работы места установки;False;True;False;False
г. Санкт-Петербург, Колпино, ул. Пролетарская, 60;Доступен в режиме работы места установки;True;False;False;True
г. Санкт-Петербург, Колпино, ул. Пролетарская, д. 36;Доступен в режиме работы места установки;False;True;True;False
г. Санкт-Петербург, Колпино, ул. Тазаева, 7;Круглосуточно;True;False;True;False
г. Санкт-Петербург, Колпино, ул. Тверская, 1/13;пн-пт 08:00-20:00, сб-вс 10:00-20:00;True;True;True;False
г. Санкт-Петербург, Колпино, ул. Тверская, д. 36/9;пн-пт 08:00-20:00, сб-вс 10:00-20:00;True;False;True;True
г. Санкт-Петербург, Колпино, ул. Труда, д. 7/5;пн-пт 08:00-20:00, сб-вс 10:00-20:00;False;False;False;False
г. Санкт-Петербург, Колпино, ул. Загородная, 9;Круглосуточно;False;True;False;False
г. Санкт-Петербург, Колпино, шоссе Вознесенское, д. 49, корп. 2;пн-пт 08:00-20:00, сб-вс 10:00-20:00;False;True;False;False
г. Санкт-Петербург, Косая линия, д. 16, корп. 1;Доступен в режиме работы места установки;False;False;False;False
г. Санкт-Петербург, Красное Село, просп. Ленина, д. 51;Доступен в режиме работы места установки;True;False;True;False
г. Санкт-Петербург, Красное Село, просп. Ленина, д. 92;Доступен в режиме работы места установки;False;True;True;True
г. Санкт-Петербург, Красное Село, просп. Ленина, д. 77;Доступен в режиме работы места установки;False;False;False;True
г. Санкт-Петербург, Красное Село, ул. Лермонтова, д. 21;пн-пт 08:00-20:00, сб-вс 10:00-20:00;True;False;False;False
г. Санкт-Петербург, Красное Село, ул. Массальского, д. 4;Доступен в режиме работы места установки;True;True;False;True
г. Санкт-Петербург, Красное Село, ул. Свободы, д. 65;Круглосуточно;True;True;True;True
г. Санкт-Петербург, Красное Село, ул. Театральная, д. 6;Круглосуточно;True;True;False;True
г. Санкт-Петербург, Красное Село, ул. Восстановления, д. 66;Круглосуточно;True;True;True;False
г. Санкт-Петербург, Красное Село, ул. Красногородская, д. 17, корп. 1;Круглосуточно;False;True;False;False
г. Санкт-Петербург, Кронштадт, Кронштадт, просп. Ленина, д. 21/2;Доступен в режиме работы места установки;False;True;True;False
г. Санкт-Петербург, Кронштадт, просп. Ленина, 21/2;Доступен в режиме работы места установки;True;True;True;False
г. Санкт-Петербург, Кронштадт, ул. Пролетарская, д. 17а;Круглосуточно;True;False;True;False
г. Санкт-Петербург, Кронштадт, ул. Станюковича, 5;пн-пт 08:00-20:00, сб-вс 10:00-20:00;True;False;True;True
г. Санкт-Петербург, Ломоносов, просп. Дворцовый, д. 22а;пн-пт 08:00-20:00, сб-вс 10:00-20:00;True;False;False;True
г. Санкт-Петербург, Ломоносов, просп. Ораниенбаумский, д. 39;Доступен в режиме работы места установки;True;False;True;False
г. Санкт-Петербург, Ломоносов, ул. Владимирская, д. 19/15;Круглосуточно;True;False;False;True
г. Санкт-Петербург, Ломоносов, ул. Жоры Антоненко, д. 6, корп. 1;пн-пт 08:00-20:00, сб-вс 10:00-20:00;False;False;False;True
г. Санкт-Петербург, Ломоносов, ул. Красноармейская, д. 33;Доступен в режиме работы места установки;False;False;True;True
г. Санкт-Петербург, Ломоносов, ул. Красного Флота, д. 23а;Круглосуточно;False;False;True;True
г. Санкт-Петербург, Ломоносов, ул. Михайловская, д. 40/7;Доступен в режиме работы места установки;False;False;True;False
г. Санкт-Петербург, Ломоносов, ул. Федюнинского, д. 3;Доступен в режиме работы места установки;False;True;True;False
г. Санкт-Петербург, Межевой канал, д. 3;Доступен в режиме работы места установки;True;True;False;True
г. Санкт-Петербург, Муринская дорога, д. 24;пн-пт 08:00-20:00, сб-вс 10:00-20:00;True;False;False;True
г. Санкт-Петербург, Мурманское шоссе, 12-й км;Круглосуточно;False;False;True;False
г. Санкт-Петербург, Мурманское шоссе, 12-й км, д. 1;Круглосуточно;True;True;False;True
г. Санкт-Петербург, Павловск, ул. Конюшенная, 16/13;пн-пт 08:00-20:00, сб-вс 10:00-20:00;True;True;False;True
г. Санкт-Петербург, Павловск, ул. Садовая, д. 20;Доступен в режиме работы места установки;True;True;True;False
г. Санкт-Петербург, Павловск, ул. Слуцкая, д. 3;пн-пт 08:00-20:00, сб-вс 10:00-20:00;True;True;False;False
г. Санкт-Петербург, Петергоф, Нижний парк;Круглосуточно;False;True;True;False
г. Санкт-Петербург, Петергоф, просп. Санкт-Петербургский, д. 34;Доступен в режиме работы места установки;True;True;True;True
г. Санкт-Петербург, Петергоф, просп. Санкт-Петербургский, д. 60;Круглосуточно;True;True;False;True
г. Санкт-Петербург, Петергоф, просп. Санкт-Петербургский, д. 29;Круглосуточно;False;True;False;True
г. Санкт-Петербург, Петергоф, просп. Санкт-Петербургский, д. 52;пн-пт 08:00-20:00, сб-вс 10:00-20:00;True;False;True;False
г. Санкт-Петербург, Петергоф, территория Марьино, д. 18а;Круглосуточно;False;True;False;True
г. Санкт-Петербург, Петергоф, ул. Воровского, д. 12;Доступен в режиме работы места установки;True;True;True;True
г. Санкт-Петербург, Петергоф, ул. Гостилицкая, д. 2а;пн-пт 08:00-20:00, сб-вс 10:00-20:00;False;True;False;True
г. Санкт-Петербург, Петергоф, ул. Чичеринская, 13, корп. 1;Круглосуточно;True;True;False;True
г. Санкт-Петербург, Петергоф, ул. Шахматова, д. 14;Круглосуточно;False;False;True;True
г. Санкт-Петербург, Пушкин, ул. Генерала Хазова, 20;пн-пт 08:00-20:00, сб-вс 10:00-20:00;False;True;False;True
г. Санкт-Петербург, Пушкин, ул. Ленинградская, 1;Доступен в режиме работы места установки;True;False;True;True
г. Санкт-Петербург, Пушкин, ул. Малиновская, д. 11;Доступен в режиме работы места установки;False;True;True;True
г. Санкт-Петербург, Пушкин, ул. Московская, д. 33а;Круглосуточно;True;True;True;False
г. Санкт-Петербург, Пушкин, ул. Оранжерейная, 46;Круглосуточно;False;False;False;False
г. Санкт-Петербург, Пушкин, ул. Парковая, д. 64, корп. 68;пн-пт 08:00-20:00, сб-вс 10:00-20:00;True;False;True;True
г. Санкт-Петербург, Пушкин, ул. Полковая, 1/25;пн-пт 08:00-20:00, сб-вс 10:00-20:00;False;True;True;True
г. Санкт-Петербург, Пушкин, ул. Радищева, д. 4;пн-пт 08:00-20:00, сб-вс 10:00-20:00;False;False;True;True
г. Санкт-Петербург, Пушкин, ул. Садовая, 7;Круглосуточно;False;False;True;True
г. Санкт-Петербург, Пушкин, ул. Сетевая, д. 22;Доступен в режиме работы места установки;True;False;True;True
г. Санкт-Петербург, Пушкин, ул. Школьная, 39/33;пн-пт 08:00-20:00, сб-вс 10:00-20:00;False;True;True;False
г. Санкт-Петербург, Пушкин, шоссе Красносельское, д. 35;Доступен в режиме работы места установки;True;True;True;True
г. Санкт-Петербург, Пушкин, шоссе Красносельское, д. 23а;Круглосуточно;True;True;False;False
г. Санкт-Петербург, Пушкин, шоссе Павловское, 19;Доступен в режиме работы места установки;False;True;True;False
г. Санкт-Петербург, Пушкин, шоссе Петербургское, 13/1;пн-пт 08:00-20:00, сб-вс 10:00-20:00;True;False;True;True
г. Санкт-Петербург, Пушкин, шоссе Петербургское, д. 10;Доступен в режиме работы места установки;False;True;False;False
г. Санкт-Петербург, Пушкин, шоссе Петербургское, д. 2;пн-пт 08:00-20:00, сб-вс 10:00-20:00;False;True;True;False
г. Санкт-Петербург, Сестрорецк, Приморское шоссе, 38-й км, д. 3а;пн-пт 08:00-20:00, сб-вс 10:00-20:00;False;True;False;True
г. Санкт-Петербург, Сестрорецк, ул. Володарского, 4/2;пн-пт 08:00-20:00, сб-вс 10:00-20:00;False;False;False;True
г. Санкт-Петербург, Сестрорецк, ул. Токарева, 16;Доступен в режиме работы места установки;True;False;False;False
г. Санкт-Петербург, Сестрорецк, шоссе Приморское, д. 268;Доступен в режиме работы места установки;True;False;False;True
г. Санкт-Петербург, Торфяная дорога, д. 2, корп. 1;Круглосуточно;True;False;True;False
г. Санкт-Петербург, Торфяная дорога, д. 7;Круглосуточно;False;True;False;False
г. Санкт-Петербург, Торфяная дорога, д. 7 Б;Круглосуточно;True;False;False;False
г. Санкт-Петербург, Торфяная дорога, д. 7, корп. Ф;Круглосуточно;True;True;True;True
г. Санкт-Петербург, Элеваторная площадка, д. 28АС;Доступен в режиме работы места установки;False;True;False;False
г. Санкт-Петербург, аллея Березовая, д. 3;пн-пт 08:00-20:00, сб-вс 10:00-20:00;True;False;True;False
г. Санкт-Петербург, аллея Поликарпова, д. 6;Круглосуточно;False;True;True;False
г. Санкт-Петербург, аэропорт Пулково;Доступен в режиме работы места установки;True;False;True;False
г. Санкт-Петербург, берег Невской Губы, д. 1Д;Доступен в режиме работы места установки;True;True;True;False
г. Санкт-Петербург, бул. Загребский, 9;Доступен в режиме работы места установки;False;False;False;True
г. Санкт-Петербург, бул. Новаторов, 11, корп. 2;Круглосуточно;True;False;True;False
г. Санкт-Петербург, бул. Новаторов, 11/2;пн-пт 08:00-20:00, сб-вс 10:00-20:00;False;True;True;False
г. Санкт-Петербург, бул. Новаторов, 98;Доступен в режиме работы места установки;True;True;False;True
г. Санкт-Петербург, дорога Брантовская, д. 3;Доступен в режиме работы места установки;False;False;True;False
г. Санкт-Петербург, дорога Торфяная, д. 7А;пн-пт 08:00-20:00, сб-вс 10:00-20:00;False;False;False;True
г. Санкт-Петербург, наб. Аптекарская, д. 8;Круглосуточно;False;False;False;True
г. Санкт-Петербург, наб. Арсенальная, д. 7;Круглосуточно;False;True;True;True
г. Санкт-Петербург, наб. Канала Грибоедова, д. 133;Доступен в режиме работы места установки;False;True;False;False
г. Санкт-Петербург, наб. Канала Грибоедова, д. 30-32;пн-пт 08:00-20:00, сб-вс 10:00-20:00;False;False;False;True
г. Санкт-Петербург, наб. Канала Грибоедова, д. 34;Круглосуточно;True;True;False;True
г. Санкт-Петербург, наб. Кутузова, д. 20;пн-пт 08:00-20:00, сб-вс 10:00-20:00;True;True;False;True
г. Санкт-Петербург, наб. Морская, 17;Доступен в режиме работы места установки;True;False;False;False
г. Санкт-Петербург, наб. Новосмоленская, 1;Круглосуточно;False;False;True;False
г. Санкт-Петербург, наб. Обводного Канала, 120;Доступен в режиме работы места установки;True;True;True;True
г. Санкт-Петербург, наб. Обводного Канала, 14;Доступен в режиме работы места установки;False;False;False;True
г. Санкт-Петербург, наб. Обводного Канала, д. 36;Круглосуточно;False;False;False;True
г. Санкт-Петербург, наб. Обводного Канала, д. 74;Круглосуточно;True;False;False;False
г. Санкт-Петербург, наб. Октябрьская, 40;Доступен в режиме работы места установки;True;False;False;False
г. Санкт-Петербург, наб. Октябрьская, 8;пн-пт 08:00-20:00, сб-вс 10:00-20:00;False;False;False;True
г. Санкт-Петербург, наб. Октябрьская, д. 114а;Доступен в режиме работы места установки;False;True;True;False
г. Санкт-Петербург, наб. Петроградская, д. 18;Круглосуточно;False;False;False;False
г. Санкт-Петербург, наб. Петроградская, д. 38;Доступен в режиме работы места установки;False;False;True;False
г. Санкт-Петербург, наб. Реки Мойки, д. 48;Доступен в режиме работы места установки;True;False;False;True
г. Санкт-Петербург, наб. Реки Мойки, д. 61;пн-пт 08:00-20:00, сб-вс 10:00-20:00;True;True;True;True
г. Санкт-Петербург, наб. Реки Мойки, д. 73;пн-пт 08:00-20:00, сб-вс 10:00-20:00;False;True;True;False
г. Санкт-Петербург, наб. Реки Мойки, д. 76;Доступен в режиме работы места установки;False;True;True;True
г. Санкт-Петербург, наб. Реки Фонтанки, д. 6;Доступен в режиме работы места установки;True;False;True;False
г. Санкт-Петербург, наб. Реки Фонтанки, д. 65;Круглосуточно;True;False;False;False
г. Санкт-Петербург, наб. Реки Фонтанки, д. 70-72-74;Доступен в режиме работы места установки;True;True;False;False
г. Санкт-Петербург, наб. Синопская, д. 14;пн-пт 08:00-20:00, сб-вс 10:00-20:00;True;True;False;True
г. Санкт-Петербург, наб. Университетская, д. 7-9-11, корп. 5;Круглосуточно;False;True;False;True
г. Санкт-Петербург, наб. реки Мойки, д. 48;пн-пт 08:00-20:00, сб-вс 10:00-20:00;False;True;False;True
г. Санкт-Петербург, пер. 5-й Верхний 2;Доступен в режиме работы места установки;False;False;True;False
г. Санкт-Петербург, пер. 6-й Верхний 3;пн-пт 08:00-20:00, сб-вс 10:00-20:00;True;False;True;False
г. Санкт-Петербург, пер. Апраксин, 13;Доступен в режиме работы места установки;False;True;False;False
г. Санкт-Петербург, пер. Басков, 13-15;пн-пт 08:00-20:00, сб-вс 10:00-20:00;False;True;True;False
г. Санкт-Петербург, пер. Батайский, д. 3;пн-пт 08:00-20:00, сб-вс 10:00-20:00;True;False;False;True
г. Санкт-Петербург, пер. Биржевой, 2—4;пн-пт 08:00-20:00, сб-вс 10:00-20:00;True;False;False;False
г. Санкт-Петербург, пер. Земский, д. 11, корп. 1;Доступен в режиме работы места установки;True;True;True;True
г. Санкт-Петербург, пер. Лыжный, 2;Круглосуточно;False;True;False;False
г. Санкт-Петербург, пер. Спасский, 14/35;Доступен в режиме работы места установки;False;True;True;False
г. Санкт-Петербург, пер. Транспортный, д. 1;Доступен в режиме работы места установки;True;True;True;True
г. Санкт-Петербург, пер. Урхов, д. 7;пн-пт 08:00-20:00, сб-вс 10:00-20:00;True;True;False;True
г. Санкт-Петербург, пер. Щербаков, д. 14/1;Доступен в режиме работы места установки;False;True;False;True
г. Санкт-Петербург, пл. Александра Невского, 2;пн-пт 08:00-20:00, сб-вс 10:00-20:00;False;True;False;True
г. Санкт-Петербург, пл. Балканская, 5;пн-пт 08:00-20:00, сб-вс 10:00-20:00;False;False;False;False
г. Санкт-Петербург, пл. Исаакиевская, 11;Круглосуточно;True;False;False;False
г. Санкт-Петербург, пл. Карла Фаберже, 8;пн-пт 08:00-20:00, сб-вс 10:00-20:00;True;True;True;True
г. Санкт-Петербург, пл. Комендантская, 1;Доступен в режиме работы места установки;False;False;True;True
г. Санкт-Петербург, пл. Конституции, 1;Доступен в режиме работы места установки;True;False;False;True
г. Санкт-Петербург, пл. Конституции, 3;Доступен в режиме работы места установки;False;True;True;True
г. Санкт-Петербург, пл. Конституции, 7;Круглосуточно;False;True;True;False
г. Санкт-Петербург, пл. Ленина, 6;Круглосуточно;True;False;True;True
г. Санкт-Петербург, пл. Сенная, 5;Доступен в режиме работы места установки;False;False;False;True
г. Санкт-Петербург, пл. Стачек, 7;Доступен в режиме работы места установки;False;False;False;True
г. Санкт-Петербург, пл. Чернышевского, 11;пн-пт 08:00-20:00, сб-вс 10:00-20:00;False;True;False;False
г. Санкт-Петербург, пл. Островского, 2;Доступен в режиме работы места установки;True;True;False;True
г. Санкт-Петербург, пос. Левашово, ул. Володарского, д. 4;Доступен в режиме работы места установки;False;True;False;False
г. Санкт-Петербург, пос. Лисий Нос, ул. Центральная, д. 2;Круглосуточно;False;True;True;True
г. Санкт-Петербург, пос. Металлострой, пр-д Славянский, д. 3;Доступен в режиме работы места установки;True;False;False;False
г. Санкт-Петербург, пос. Металлострой, ул. Полевая, д. 12;пн-пт 08:00-20:00, сб-вс 10:00-20:00;True;True;False;True
г. Санкт-Петербург, пос. Металлострой, ул. Центральная, д. 2/7;Круглосуточно;True;False;False;False
г. Санкт-Петербург, пос. Парголово, пер. 4-й Верхний, д. 19 В;пн-пт 08:00-20:00, сб-вс 10:00-20:00;True;False;False;True
г. Санкт-Петербург, пос. Парголово, ул. Федора Абрамова, д. 4;Круглосуточно;True;True;True;False
г. Санкт-Петербург, пос. Парголово, шоссе Выборгское, д. 216, корп. 1;Круглосуточно;False;False;False;False
г. Санкт-Петербург, пос. Парголово, шоссе Выборгское, д. 503, корп. 1;пн-пт 08:00-20:00, сб-вс 10:00-20:00;True;True;True;True
г. Санкт-Петербург, пос. Песочный, ул. Ленинградская, д. 52;Доступен в режиме работы места установки;True;False;False;True
г. Санкт-Петербург, пос. Песочный, ул. Ленинградская, д. 70;Круглосуточно;False;True;False;True
г. Санкт-Петербург, пос. Понтонный, ул. Заводская, д. 35;Доступен в режиме работы места установки;False;True;False;False
г. Санкт-Петербург, пос. Репино, ул. Нагорная, д. 15;Круглосуточно;False;False;False;False
г. Санкт-Петербург, пос. Стрельна, аллея Березовая, д. 3;Доступен в режиме работы места установки;True;True;False;False
г. Санкт-Петербург, пос. Стрельна, шоссе Санкт-Петербургское, д. 43;Доступен в режиме работы места установки;True;False;False;True
г. Санкт-Петербург, пос. Стрельна, шоссе Санкт-Петербургское, д. 88;пн-пт 08:00-20:00, сб-вс 10:00-20:00;False;False;True;True
г. Санкт-Петербург, пос. Шушары, мкр-н Славянка, ул. Полоцкая, д. 10;Доступен в режиме работы места установки;True;False;True;True
г. Санкт-Петербург, пос. Шушары, мкр-н Славянка, ул. Ростовская, д. 19, корп. 3;Доступен в режиме работы места установки;True;False;True;True
г. Санкт-Петербург, пос. Шушары, территория Ленсоветовский, д. 11а;Круглосуточно;True;True;False;False
г. Санкт-Петербург, пос. Шушары, ул. Первомайская, д. 15;Доступен в режиме работы места установки;True;True;True;True
г. Санкт-Петербург, пос. Шушары, ул. Первомайская, д. 24;пн-пт 08:00-20:00, сб-вс 10:00-20:00;True;False;False;False
г. Санкт-Петербург, пос. Шушары, шоссе Колпинское, д. 34, корп. 1;пн-пт 08:00-20:00, сб-вс 10:00-20:00;False;True;False;False
г. Санкт-Петербург, пос. Шушары, шоссе Колпинское, д. 34к1;Доступен в режиме работы места установки;False;False;True;True
г. Санкт-Петербург, пос. Шушары, шоссе Колпинское, д. 40, корп. 1;Доступен в режиме работы места установки;True;True;True;False
г. Санкт-Петербург, пос. Шушары, шоссе Колпинское, д. 24 Б;пн-пт 08:00-20:00, сб-вс 10:00-20:00;True;False;True;True
г. Санкт-Петербург, пос. Шушары, шоссе Московское, д. 16;Круглосуточно;True;True;True;False
г. Санкт-Петербург, пос. Шушары, шоссе Московское, д. 70, корп. 4;Доступен в режиме работы места установки;True;True;False;True
г. Санкт-Петербург, пр-д 4-й Предпортовый, 5;Доступен в режиме работы места установки;True;True;False;False
г. Санкт-Петербург, просп. Авиаконструкторов, 21, корп. 1;Доступен в режиме работы места установки;False;True;True;True
г. Санкт-Петербург, просп. Авиаконструкторов, 47;Доступен в режиме работы места установки;False;False;False;False
г. Санкт-Петербург, просп. Авиаконструкторов, 5;Доступен в режиме работы места установки;True;False;True;False
г. Санкт-Петербург, просп. Александровской Фермы, д. 29;Круглосуточно;True;False;True;False
г. Санкт-Петербург, просп. Английский, 40;Доступен в режиме работы места установки;True;False;True;True
г. Санкт-Петербург, просп. Бакунина, д. 10;Круглосуточно;True;False;False;True
г. Санкт-Петербург, просп. Богатырский, 10;Круглосуточно;True;True;False;False
г. Санкт-Петербург, просп. Богатырский, 13;Доступен в режиме работы места установки;True;False;False;False
г. Санкт-Петербург, просп. Богатырский, 15;пн-пт 08:00-20:00, сб-вс 10:00-20:00;False;True;False;False
г. Санкт-Петербург, просп. Богатырский, 22;Доступен в режиме работы места установки;True;True;False;True
г. Санкт-Петербург, просп. Богатырский, 36;пн-пт 08:00-20:00, сб-вс 10:00-20:00;False;True;False;True
г. Санкт-Петербург, просп. Богатырский, 42;пн-пт 08:00-20:00, сб-вс 10:00-20:00;True;False;True;True
г. Санкт-Петербург, просп. Богатырский, 43;Круглосуточно;True;True;False;False
г. Санкт-Петербург, просп. Богатырский, 51;Круглосуточно;False;True;True;True
г. Санкт-Петербург, просп. Богатырский, 63;Доступен в режиме работы места установки;False;False;False;True
г. Санкт-Петербург, просп. Богатырский, 7;Доступен в режиме работы места установки;False;True;True;False
г. Санкт-Петербург, просп. Большевиков, 17;Круглосуточно;True;True;False;False
г. Санкт-Петербург, просп. Большевиков, 18;Круглосуточно;False;True;False;False
г. Санкт-Петербург, просп. Большевиков, 2;Доступен в режиме работы места установки;False;True;True;True
г. Санкт-Петербург, просп. Большевиков, 27;Доступен в режиме работы места установки;False;False;False;True
г. Санкт-Петербург, просп. Большевиков, 3;Доступен в режиме работы места установки;True;True;True;True
г. Санкт-Петербург, просп. Большевиков, 32;Доступен в режиме работы места установки;True;False;False;False
г. Санкт-Петербург, просп. Большевиков, 36;пн-пт 08:00-20:00, сб-вс 10:00-20:00;False;True;False;True
г. Санкт-Петербург, просп. Большевиков, д. 10, корп. 1;пн-пт 08:00-20:00, сб-вс 10:00-20:00;False;True;False;True
г. Санкт-Петербург, просп. Большевиков, д. 10А;пн-пт 08:00-20:00, сб-вс 10:00-20:00;True;True;True;True
г. Санкт-Петербург, просп. Большой В. О., 57/15;Доступен в режиме работы места установки;True;True;False;True
г. Санкт-Петербург, просп. Большой В. О., д. 103;Круглосуточно;False;True;True;True
г. Санкт-Петербург, просп. Большой П. С., д. 18а;пн-пт 08:00-20:00, сб-вс 10:00-20:00;True;True;True;False
г. Санкт-Петербург, просп. Большой П. С., д. 35;Доступен в режиме работы места установки;True;False;True;True
г. Санкт-Петербург, просп. Большой Смоленский, д. 10;пн-пт 08:00-20:00, сб-вс 10:00-20:00;True;True;True;False
г. Санкт-Петербург, просп. Большой П. С., 90;Круглосуточно;False;True;False;True
г. Санкт-Петербург, просп. Ветеранов, 114;пн-пт 08:00-20:00, сб-вс 10:00-20:00;True;False;True;True
г. Санкт-Петербург, просп. Ветеранов, 130;пн-пт 08:00-20:00, сб-вс 10:00-20:00;True;False;True;False
г. Санкт-Петербург, просп. Ветеранов, 141, корп. 1;Круглосуточно;False;False;False;False
г. Санкт-Петербург, просп. Ветеранов, 43;Круглосуточно;False;True;True;True
г. Санкт-Петербург, просп. Ветеранов, 56;пн-пт 08:00-20:00, сб-вс 10:00-20:00;False;True;True;True
г. Санкт-Петербург, просп. Ветеранов, 78;Доступен в режиме работы места установки;False;True;False;False
г. Санкт-Петербург, просп. Ветеранов, 95;пн-пт 08:00-20:00, сб-вс 10:00-20:00;False;True;False;False
г. Санкт-Петербург, просп. Ветеранов, д. 52;Доступен в режиме работы места установки;True;True;False;True
г. Санкт-Петербург, просп. Ветеранов, д. 89, корп. 1;пн-пт 08:00-20:00, сб-вс 10:00-20:00;True;False;False;True
г. Санкт-Петербург, просп. Витебский, 17;Круглосуточно;True;False;False;False
г. Санкт-Петербург, просп. Владимирский, 19;пн-пт 08:00-20:00, сб-вс 10:00-20:00;True;True;True;False
г. Санкт-Петербург, просп. Вознесенский, 37;Круглосуточно;False;False;True;True
г. Санкт-Петербург, просп. Гражданский, 105, корп. 1;пн-пт 08:00-20:00, сб-вс 10:00-20:00;False;False;False;True
г. Санкт-Петербург, просп. Гражданский, 121;пн-пт 08:00-20:00, сб-вс 10:00-20:00;False;False;False;False
г. Санкт-Петербург, просп. Гражданский, 19, корп. 1;Круглосуточно;True;True;True;True
г. Санкт-Петербург, просп. Гражданский, 41;Доступен в режиме работы места установки;False;False;True;True
г. Санкт-Петербург, просп. Гражданский, 92;Доступен в режиме работы места установки;False;False;False;False
г. Санкт-Петербург, просп. Гражданский, д. 117, корп. 1;пн-пт 08:00-20:00, сб-вс 10:00-20:00;False;True;False;True
г. Санкт-Петербург, просп. Гражданский, д. 18а;пн-пт 08:00-20:00, сб-вс 10:00-20:00;True;False;True;True
г. Санкт-Петербург, просп. Гражданский, д. 28;Круглосуточно;True;False;True;False
г. Санкт-Петербург, просп. Дальневосточный, 16;Доступен в режиме работы места установки;True;False;True;False
г. Санкт-Петербург, просп. Дальневосточный, 42;пн-пт 08:00-20:00, сб-вс 10:00-20:00;True;False;False;False
г. Санкт-Петербург, просп. Дальневосточный, 78;Доступен в режиме работы места установки;True;True;False;False
г. Санкт-Петербург, просп. Дачный, д. 20, корп. 2;пн-пт 08:00-20:00, сб-вс 10:00-20:00;True;False;False;False
г. Санкт-Петербург, просп. Дачный, д. 9, корп. 1;пн-пт 08:00-20:00, сб-вс 10:00-20:00;False;True;False;True
г. Санкт-Петербург, просп. Дунайский, 19;Круглосуточно;False;True;True;False
г. Санкт-Петербург, просп. Дунайский, 64;Доступен в режиме работы места установки;True;True;True;False
г. Санкт-Петербург, просп. Елизарова, д. 11;Доступен в режиме работы места установки;True;True;False;True
г. Санкт-Петербург, просп. Загородный, 52;Доступен в режиме работы места установки;True;True;False;False
г. Санкт-Петербург, просп. Заневский, 36;Доступен в режиме работы места установки;False;False;False;True
г. Санкт-Петербург, просп. Заневский, 65, корп. 1;Круглосуточно;False;True;False;True
г. Санкт-Петербург, просп. Заневский, 67;Круглосуточно;False;True;False;False
г. Санкт-Петербург, просп. Заневский, 71;Доступен в режиме работы места установки;True;False;True;False
г. Санкт-Петербург, просп. Заневский, 73;пн-пт 08:00-20:00, сб-вс 10:00-20:00;True;False;False;False
г. Санкт-Петербург, просп. Индустриальный, 24;Доступен в режиме работы места установки;True;False;False;True
г. Санкт-Петербург, просп. Индустриальный, 25;Доступен в режиме работы места установки;False;True;True;True
г. Санкт-Петербург, просп. Индустриальный, 26/24;Доступен в режиме работы места установки;False;False;True;False
г. Санкт-Петербург, просп. Индустриальный, 44;Доступен в режиме работы места установки;False;True;False;True
г. Санкт-Петербург, просп. Индустриальный, д. 10;Круглосуточно;False;False;False;True
г. Санкт-Петербург, просп. Индустриальный, д. 42;пн-пт 08:00-20:00, сб-вс 10:00-20:00;True;True;False;True
г. Санкт-Петербург, просп. Искровский, д. 6а;Доступен в режиме работы места установки;False;True;True;False
г. Санкт-Петербург, просп. Испытателей 5 корп. 1;пн-пт 08:00-20:00, сб-вс 10:00-20:00;True;False;False;False
г. Санкт-Петербург, просп. Испытателей, 31, корп. 1;Круглосуточно;False;True;False;True
г. Санкт-Петербург, просп. Каменноостровский, 41;Доступен в режиме работы места установки;False;True;True;True
г. Санкт-Петербург, просп. Каменноостровский, 57;пн-пт 08:00-20:00, сб-вс 10:00-20:00;False;True;True;False
г. Санкт-Петербург, просп. Кима, 4;пн-пт 08:00-20:00, сб-вс 10:00-20:00;True;True;True;True
г. Санкт-Петербург, просп. Коломяжский, 17, корп. 1;Доступен в режиме работы места установки;False;True;False;True
г. Санкт-Петербург, просп. Коломяжский, д. 13;Доступен в режиме работы места установки;True;False;False;True
г. Санкт-Петербург, просп. Коломяжский, д. 15, корп. 2;Круглосуточно;True;True;False;True
г. Санкт-Петербург, просп. Коломяжский, д. 19;Доступен в режиме работы места установки;False;True;True;False
г. Санкт-Петербург, просп. Коломяжский, д. 33а;Доступен в режиме работы места установки;True;False;True;False
г. Санкт-Петербург, просп. Комендантский 13 корп. 1;Круглосуточно;True;False;False;False
г. Санкт-Петербург, просп. Комендантский, 30;пн-пт 08:00-20:00, сб-вс 10:00-20:00;True;False;False;True
г. Санкт-Петербург, просп. Комендантский, 33 корп. 1;пн-пт 08:00-20:00, сб-вс 10:00-20:00;False;True;False;True
г. Санкт-Петербург, просп. Комендантский, 51;Доступен в режиме работы места установки;True;False;True;True
г. Санкт-Петербург, просп. Комендантский, 9, корп. 2;пн-пт 08:00-20:00, сб-вс 10:00-20:00;False;False;True;True
г. Санкт-Петербург, просп. Кондратьевский, 53;пн-пт 08:00-20:00, сб-вс 10:00-20:00;True;False;False;True
г. Санкт-Петербург, просп. Кондратьевский, 72;Круглосуточно;False;True;False;True
г. Санкт-Петербург, просп. Кондратьевский, д. 62;Доступен в режиме работы места установки;False;True;False;True
г. Санкт-Петербург, просп. Коннолахтинский, 2;Доступен в режиме работы места установки;True;True;True;True
г. Санкт-Петербург, просп. Королева, 46, корп. 2;Доступен в режиме работы места установки;False;True;False;True
г. Санкт-Петербург, просп. Королева, 7;Доступен в режиме работы места установки;True;False;False;False
г. Санкт-Петербург, просп. Космонавтов 63 корп. 1;Доступен в режиме работы места установки;True;False;False;False
г. Санкт-Петербург, просп. Космонавтов, 45;пн-пт 08:00-20:00, сб-вс 10:00-20:00;False;True;True;False
г. Санкт-Петербург, просп. Косыгина 31 корп. 1;Доступен в режиме работы места установки;False;False;False;True
г. Санкт-Петербург, просп. Косыгина, 28, корп. 1;Доступен в режиме работы места установки;True;False;True;False
г. Санкт-Петербург, просп. Культуры 12 корп. 1;Доступен в режиме работы места установки;False;False;False;False
г. Санкт-Петербург, просп. Культуры, 1;Доступен в режиме работы места установки;True;True;False;True
г. Санкт-Петербург, просп. Культуры, 22, корп. 1;Круглосуточно;True;True;True;False
г. Санкт-Петербург, просп. Культуры, д. 21, корп. 1;пн-пт 08:00-20:00, сб-вс 10:00-20:00;True;False;False;True
г. Санкт-Петербург, просп. Культуры, д. 41;пн-пт 08:00-20:00, сб-вс 10:00-20:00;False;True;False;False
г. Санкт-Петербург, просп. Культуры, д. 47;Круглосуточно;False;True;False;True
г. Санкт-Петербург, просп. Лабораторный, 21;пн-пт 08:00-20:00, сб-вс 10:00-20:00;False;True;True;True
г. Санкт-Петербург, просп. Лапинский 7;Доступен в режиме работы места установки;False;True;False;True
г. Санкт-Петербург, просп. Ленинский 117 корп. 1;Круглосуточно;False;True;False;True
г. Санкт-Петербург, просп. Ленинский, 103;пн-пт 08:00-20:00, сб-вс 10:00-20:00;True;True;True;True
г. Санкт-Петербург, просп. Ленинский, 128, корп. 2;пн-пт 08:00-20:00, сб-вс 10:00-20:00;False;True;True;False
г. Санкт-Петербург, просп. Ленинский, 129;Круглосуточно;False;False;False;True
г. Санкт-Петербург, просп. Ленинский, 168;пн-пт 08:00-20:00, сб-вс 10:00-20:00;True;False;False;True
г. Санкт-Петербург, просп. Ленинский, 71, корп. 1;пн-пт 08:00-20:00, сб-вс 10:00-20:00;True;False;True;False
г. Санкт-Петербург, просп. Ленинский, 82;Доступен в режиме работы места установки;False;True;False;True
г. Санкт-Петербург, просп. Ленинский, 95, корп. 1;Круглосуточно;True;False;True;True
г. Санкт-Петербург, просп. Лермонтовский, 43, корп. 1;Доступен в режиме работы места установки;False;True;True;False
г. Санкт-Петербург, просп. Лесной, 75;Круглосуточно;True;False;True;False
г. Санкт-Петербург, просп. Лиговский 30 а;Круглосуточно;True;False;True;True
г. Санкт-Петербург, просп. Лиговский, 105;Доступен в режиме работы места установки;False;True;False;True
г. Санкт-Петербург, просп. Лиговский, 140;пн-пт 08:00-20:00, сб-вс 10:00-20:00;True;False;False;True
г. Санкт-Петербург, просп. Лиговский, 153;Доступен в режиме работы места установки;False;True;True;True
г. Санкт-Петербург, просп. Лиговский, 37;Доступен в режиме работы места установки;False;False;False;False
г. Санкт-Петербург, просп. Лиговский, д. 10/118;Доступен в режиме работы места установки;False;False;True;False
г. Санкт-Петербург, просп. Лиговский, д. 283;Круглосуточно;True;True;True;True
г. Санкт-Петербург, просп. Лиговский, д. 30;пн-пт 08:00-20:00, сб-вс 10:00-20:00;True;True;True;False
г. Санкт-Петербург, просп. Лиговский, д. 44 Б;Круглосуточно;True;False;True;False
г. Санкт-Петербург, просп. Литейный, 13;пн-пт 08:00-20:00, сб-вс 10:00-20:00;False;False;True;True
г. Санкт-Петербург, просп. Литейный, 35;Доступен в режиме работы места установки;True;False;True;True
г. Санкт-Петербург, просп. Луначарского 64;пн-пт 08:00-20:00, сб-вс 10:00-20:00;True;True;False;False
г. Санкт-Петербург, просп. Луначарского, 60;Круглосуточно;False;False;False;False
г. Санкт-Петербург, просп. Луначарского, д. 45;пн-пт 08:00-20:00, сб-вс 10:00-20:00;True;False;True;True
г. Санкт-Петербург, просп. Малый В. О. 68 корп. 1;Круглосуточно;True;True;False;False
г. Санкт-Петербург, просп. Малый В. О., 88;пн-пт 08:00-20:00, сб-вс 10:00-20:00;False;True;False;False
г. Санкт-Петербург, просп. Маршала Блюхера, 2, корп. 7;Доступен в режиме работы места установки;False;False;True;True
г. Санкт-Петербург, просп. Маршала Блюхера, 41;пн-пт 08:00-20:00, сб-вс 10:00-20:00;False;False;True;True
г. Санкт-Петербург, просп. Маршала Жукова, 31, корп. 1;Доступен в режиме работы места установки;False;True;True;False
г. Санкт-Петербург, просп. Маршала Жукова, 35;пн-пт 08:00-20:00, сб-вс 10:00-20:00;True;False;True;True
г. Санкт-Петербург, просп. Металлистов, 59;Доступен в режиме работы места установки;False;True;False;False
г. Санкт-Петербург, просп. Московский 189;Доступен в режиме работы места установки;True;True;True;True
г. Санкт-Петербург, просп. Московский 3;Круглосуточно;True;True;False;False
г. Санкт-Петербург, просп. Московский, 105-107;Доступен в режиме работы места установки;True;True;True;False
г. Санкт-Петербург, просп. Московский, 129;пн-пт 08:00-20:00, сб-вс 10:00-20:00;True;True;False;True
г. Санкт-Петербург, просп. Московский, 131;Круглосуточно;True;False;True;True
г. Санкт-Петербург, просп. Московский, 137;пн-пт 08:00-20:00, сб-вс 10:00-20:00;True;True;True;False
г. Санкт-Петербург, просп. Московский, 145;пн-пт 08:00-20:00, сб-вс 10:00-20:00;True;True;False;False
г. Санкт-Петербург, просп. Московский, 172;пн-пт 08:00-20:00, сб-вс 10:00-20:00;True;False;False;False
г. Санкт-Петербург, просп. Московский, 195;Круглосуточно;True;True;True;False
г. Санкт-Петербург, просп. Московский, 212;пн-пт 08:00-20:00, сб-вс 10:00-20:00;False;True;True;True
г. Санкт-Петербург, просп. Московский, 220;Доступен в режиме работы места установки;False;False;False;False
г. Санкт-Петербург, просп. Московский, 27;пн-пт 08:00-20:00, сб-вс 10:00-20:00;False;False;False;True
г. Санкт-Петербург, просп. Московский, 75;Доступен в режиме работы места установки;False;True;False;False
г. Санкт-Петербург, просп. Московский, 83;Доступен в режиме работы места установки;True;True;True;True
г. Санкт-Петербург, просп. Московский, 9;Круглосуточно;False;True;False;False
г. Санкт-Петербург, просп. Московский, д. 156а;Круглосуточно;False;False;False;False
г. Санкт-Петербург, просп. Московский, д. 97а;Доступен в режиме работы места установки;True;True;True;True
г. Санкт-Петербург, просп. Московский, д. 70;Доступен в режиме работы места установки;True;True;False;False
г. Санкт-Петербург, просп. Нарвский, 24;Доступен в режиме работы места установки;True;True;True;True
г. Санкт-Петербург, просп. Наставников, 31;Круглосуточно;True;True;False;True
г. Санкт-Петербург, просп. Наставников, 38;Доступен в режиме работы места установки;True;False;True;False
г. Санкт-Петербург, просп. Науки 14 корп. 1;Круглосуточно;True;True;False;True
г. Санкт-Петербург, просп. Науки, 17, корп. 3;пн-пт 08:00-20:00, сб-вс 10:00-20:00;False;False;True;False
г. Санкт-Петербург, просп. Науки, 41;пн-пт 08:00-20:00, сб-вс 10:00-20:00;True;True;True;True
г. Санкт-Петербург, просп. Науки, 8, корп. 2;пн-пт 08:00-20:00, сб-вс 10:00-20:00;False;False;False;False
г. Санкт-Петербург, просп. Науки, д. 30, корп. 1;пн-пт 08:00-20:00, сб-вс 10:00-20:00;True;False;False;False
г. Санкт-Петербург, просп. Невский, 100;Круглосуточно;True;False;False;False
г. Санкт-Петербург, просп. Невский, 168;Доступен в режиме работы места установки;True;False;True;True
г. Санкт-Петербург, просп. Невский, 25;пн-пт 08:00-20:00, сб-вс 10:00-20:00;True;True;False;False
г. Санкт-Петербург, просп. Невский, 39;пн-пт 08:00-20:00, сб-вс 10:00-20:00;False;True;False;False
г. Санкт-Петербург, просп. Невский, 48;Доступен в режиме работы места установки;True;True;False;True
г. Санкт-Петербург, просп. Невский, 49;Доступен в режиме работы места установки;True;True;False;False
г. Санкт-Петербург, просп. Невский, 57;Круглосуточно;False;True;False;False
г. Санкт-Петербург, просп. Невский, 59;пн-пт 08:00-20:00, сб-вс 10:00-20:00;False;True;True;True
г. Санкт-Петербург, просп. Невский, 74-76;пн-пт 08:00-20:00, сб-вс 10:00-20:00;True;False;True;False
г. Санкт-Петербург, просп. Невский, 82;пн-пт 08:00-20:00, сб-вс 10:00-20:00;True;True;False;False
г. Санкт-Петербург, просп. Невский, 85;пн-пт 08:00-20:00, сб-вс 10:00-20:00;False;False;True;True
г. Санкт-Петербург, просп. Невский, 99-101;Доступен в режиме работы места установки;False;True;False;True
г. Санкт-Петербург, просп. Невский, д. 114-116;Доступен в режиме работы места установки;True;True;True;False
г. Санкт-Петербург, просп. Непокоренных, 2;Доступен в режиме работы места установки;False;False;False;True
г. Санкт-Петербург, просп. Непокоренных, 49;пн-пт 08:00-20:00, сб-вс 10:00-20:00;False;False;True;True
г. Санкт-Петербург, просп. Новочеркасский, 25;Круглосуточно;True;False;False;True
г. Санкт-Петербург, просп. Новочеркасский, 26/16;пн-пт 08:00-20:00, сб-вс 10:00-20:00;True;True;False;True
г. Санкт-Петербург, просп. Новочеркасский, 41/14;Доступен в режиме работы места установки;False;False;False;True
г. Санкт-Петербург, просп. Обуховской Обороны, 120;Круглосуточно;True;False;True;True
г. Санкт-Петербург, просп. Обуховской Обороны, 305;Доступен в режиме работы места установки;False;True;True;True
г. Санкт-Петербург, просп. Обуховской Обороны, д. 105;Доступен в режиме работы места установки;True;True;False;True
г. Санкт-Петербург, просп. Обуховской Обороны, д. 45ДА;Круглосуточно;False;False;False;False
г. Санкт-Петербург, просп. Пархоменко, 13;пн-пт 08:00-20:00, сб-вс 10:00-20:00;True;False;False;True
г. Санкт-Петербург, просп. Петровский, 26;пн-пт 08:00-20:00, сб-вс 10:00-20:00;True;False;True;False
г. Санкт-Петербург, просп. Пискаревский, 35;Круглосуточно;True;True;True;False
г. Санкт-Петербург, просп. Пискаревский, д. 2, корп. 2щ;Доступен в режиме работы места установки;False;False;False;True
г. Санкт-Петербург, просп. Полюстровский, 47;Круглосуточно;False;False;True;False
г. Санкт-Петербург, просп. Полюстровский, 79;Круглосуточно;False;False;False;True
г. Санкт-Петербург, просп. Полюстровский, 84, корп. А;Круглосуточно;False;False;False;True
г. Санкт-Петербург, просп. Полюстровский, д. 68а;Доступен в режиме работы места установки;False;False;True;False
г. Санкт-Петербург, просп. Полюстровский, д. 84;Доступен в режиме работы места установки;True;False;False;True
г. Санкт-Петербург, просп. Приморский, 72;Круглосуточно;True;False;True;True
г. Санкт-Петербург, просп. Приморский, д. 54, корп. 1;пн-пт 08:00-20:00, сб-вс 10:00-20:00;True;False;True;True
г. Санкт-Петербург, просп. Приморский, д. 54, корп. 4;Доступен в режиме работы места установки;False;True;False;False
г. Санкт-Петербург, просп. Просвещения 30 корп. 1;Доступен в режиме работы места установки;False;False;True;False
г. Санкт-Петербург, просп. Просвещения 33 корп. 1;Круглосуточно;False;False;False;False
г. Санкт-Петербург, просп. Просвещения 60 корп. 1;Доступен в режиме работы места установки;False;True;True;False
г. Санкт-Петербург, просп. Просвещения 74 корп. 2;пн-пт 08:00-20:00, сб-вс 10:00-20:00;True;False;False;False
г. Санкт-Петербург, просп. Просвещения, 19;пн-пт 08:00-20:00, сб-вс 10:00-20:00;False;True;True;True
г. Санкт-Петербург, просп. Просвещения, 32;пн-пт 08:00-20:00, сб-вс 10:00-20:00;False;True;True;True
г. Санкт-Петербург, просп. Просвещения, 36/141;Круглосуточно;False;False;True;False
г. Санкт-Петербург, просп. Просвещения, 37;Доступен в режиме работы места установки;False;True;True;False
г. Санкт-Петербург, просп. Просвещения, 53, корп. 1;Круглосуточно;True;True;False;True
г. Санкт-Петербург, просп. Просвещения, 67;Круглосуточно;True;True;True;False
г. Санкт-Петербург, просп. Просвещения, 78;пн-пт 08:00-20:00, сб-вс 10:00-20:00;False;False;False;False
г. Санкт-Петербург, просп. Просвещения, 80, корп. 2;пн-пт 08:00-20:00, сб-вс 10:00-20:00;True;False;True;False
г. Санкт-Петербург, просп. Просвещения, 87, корп. 1;Доступен в режиме работы места установки;True;False;True;False
г. Санкт-Петербург, просп. Пятилеток, 10, корп. 1;Доступен в режиме работы места установки;True;False;True;False
г. Санкт-Петербург, просп. Пятилеток, 2;пн-пт 08:00-20:00, сб-вс 10:00-20:00;True;False;False;False
г. Санкт-Петербург, просп. Пятилеток, 8;Доступен в режиме работы места установки;True;True;True;True
г. Санкт-Петербург, просп. Римского-Корсакова, 5-7;Доступен в режиме работы места установки;False;True;False;True
г. Санкт-Петербург, просп. Римского-корсакова, д. 5-7;Круглосуточно;True;True;False;True
г. Санкт-Петербург, просп. Российский, 14;пн-пт 08:00-20:00, сб-вс 10:00-20:00;True;False;False;True
г. Санкт-Петербург, просп. Светлановский, д. 40, корп. 1;Доступен в режиме работы места установки;True;False;False;False
г. Санкт-Петербург, просп. Северный, 32;Доступен в режиме работы места установки;False;True;False;False
г. Санкт-Петербург, просп. Северный, 5;пн-пт 08:00-20:00, сб-вс 10:00-20:00;False;False;True;False
г. Санкт-Петербург, просп. Сизова, 19;Круглосуточно;False;True;True;False
г. Санкт-Петербург, просп. Сизова, д. 28;Круглосуточно;False;False;True;True
г. Санкт-Петербург, просп. Сизова, д. 30;Доступен в режиме работы места установки;False;True;True;True
г. Санкт-Петербург, просп. Славы, 16;Круглосуточно;True;False;True;False
г. Санкт-Петербург, просп. Славы, 4;пн-пт 08:00-20:00, сб-вс 10:00-20:00;False;True;False;True
г. Санкт-Петербург, просп. Славы, д. 43/49;пн-пт 08:00-20:00, сб-вс 10:00-20:00;True;False;False;True
г. Санкт-Петербург, просп. Среднеохтинский, д. 10;Круглосуточно;True;True;False;True
г. Санкт-Петербург, просп. Средний В. О. 57/43;Круглосуточно;True;False;True;True
г. Санкт-Петербург, просп. Средний В. О. 91;пн-пт 08:00-20:00, сб-вс 10:00-20:00;True;True;False;False
г. Санкт-Петербург, просп. Средний В. О., 33;Доступен в режиме работы места установки;False;True;True;False
г. Санкт-Петербург, просп. Средний В. О., 35;Круглосуточно;True;False;False;False
г. Санкт-Петербург, просп. Средний В. О., д. 88;Доступен в режиме работы места установки;False;False;False;True
г. Санкт-Петербург, просп. Старо-Петергофский, д. 30, корп. 1;пн-пт 08:00-20:00, сб-вс 10:00-20:00;True;False;False;True
г. Санкт-Петербург, просп. Старо-петергофский, д. 9 Б;пн-пт 08:00-20:00, сб-вс 10:00-20:00;False;False;True;True
г. Санкт-Петербург, просп. Стачек 26;Доступен в режиме работы места установки;True;True;False;True
г. Санкт-Петербург, просп. Стачек, 105;Круглосуточно;True;False;True;True
г. Санкт-Петербург, просп. Стачек, 18;Доступен в режиме работы места установки;True;True;False;False
г. Санкт-Петербург, просп. Стачек, 73;Круглосуточно;True;False;True;True
г. Санкт-Петербург, просп. Стачек, 90;Доступен в режиме работы места установки;False;True;True;True
г. Санкт-Петербург, просп. Стачек, 99;Круглосуточно;False;False;False;True
г. Санкт-Петербург, просп. Суворовский, 38;Круглосуточно;False;True;False;True
г. Санкт-Петербург, просп. Суворовский, 56;Круглосуточно;True;True;False;True
г. Санкт-Петербург, просп. Тихорецкий, д. 26;Круглосуточно;True;False;True;False
г. Санкт-Петербург, просп. Тореза, 35, корп. 1;Круглосуточно;False;False;False;False
г. Санкт-Петербург, просп. Тореза, 72;Круглосуточно;False;False;False;False
г. Санкт-Петербург, просп. Тореза, 9;Круглосуточно;False;False;True;True
г. Санкт-Петербург, просп. Троицкий, 7;Доступен в режиме работы места установки;False;False;False;True
г. Санкт-Петербург, просп. Ударников, 20;Круглосуточно;False;False;False;False
г. Санкт-Петербург, просп. Ударников, 28;Круглосуточно;True;True;False;True
г. Санкт-Петербург, просп. Художников, 11;пн-пт 08:00-20:00, сб-вс 10:00-20:00;True;False;True;False
г. Санкт-Петербург, просп. Художников, 30;пн-пт 08:00-20:00, сб-вс 10:00-20:00;True;False;False;True
г. Санкт-Петербург, просп. Шаумяна, 22;Доступен в режиме работы места установки;True;True;True;False
г. Санкт-Петербург, просп. Шафировский, 2;Доступен в режиме работы места установки;False;False;True;False
г. Санкт-Петербург, просп. Шафировский, д. 16;Круглосуточно;True;False;True;True
г. Санкт-Петербург, просп. Шлиссельбургский, 26, корп. 1;пн-пт 08:00-20:00, сб-вс 10:00-20:00;False;True;True;True
г. Санкт-Петербург, просп. Шлиссельбургский, д. 17, корп. 1;Доступен в режиме работы места установки;False;True;True;False
г. Санкт-Петербург, просп. Энгельса 55;пн-пт 08:00-20:00, сб-вс 10:00-20:00;True;True;True;True
г. Санкт-Петербург, просп. Энгельса, 124;пн-пт 08:00-20:00, сб-вс 10:00-20:00;False;False;True;False
г. Санкт-Петербург, просп. Энгельса, 128;Доступен в режиме работы места установки;False;True;False;True
г. Санкт-Петербург, просп. Энгельса, 154;Круглосуточно;True;True;True;False
г. Санкт-Петербург, просп. Энгельса, 157;Круглосуточно;True;False;True;False
г. Санкт-Петербург, просп. Энгельса, 21;Круглосуточно;True;False;True;True
г. Санкт-Петербург, просп. Энгельса, 73;пн-пт 08:00-20:00, сб-вс 10:00-20:00;True;False;True;False
г. Санкт-Петербург, просп. Энгельса, д. 111;пн-пт 08:00-20:00, сб-вс 10:00-20:00;False;False;True;False
г. Санкт-Петербург, просп. Энгельса, д. 134;пн-пт 08:00-20:00, сб-вс 10:00-20:00;False;True;True;False
г. Санкт-Петербург, просп. Энгельса, д. 145, корп. 1;Круглосуточно;False;False;False;True
г. Санкт-Петербург, просп. Энгельса, д. 33, корп. 1;Круглосуточно;False;True;False;False
г. Санкт-Петербург, просп. Энергетиков, 16;пн-пт 08:00-20:00, сб-вс 10:00-20:00;True;True;True;False
г. Санкт-Петербург, просп. Энергетиков, 37;пн-пт 08:00-20:00, сб-вс 10:00-20:00;True;True;True;False
г. Санкт-Петербург, просп. Энтузиастов, 38;Круглосуточно;True;True;True;False
г. Санкт-Петербург, ст. м. Автово;Доступен в режиме работы места установки;False;True;True;True
г. Санкт-Петербург, ст. м. Академическая;пн-пт 08:00-20:00, сб-вс 10:00-20:00;True;True;False;False
г. Санкт-Петербург, ст. м. Балтийская;пн-пт 08:00-20:00, сб-вс 10:00-20:00;False;False;False;False
г. Санкт-Петербург, ст. м. Василеостровская;Круглосуточно;True;True;False;True
г. Санкт-Петербург, ст. м. Владимирская;Доступен в режиме работы места установки;False;True;True;True
г. Санкт-Петербург, ст. м. Волковская;пн-пт 08:00-20:00, сб-вс 10:00-20:00;True;True;False;False
г. Санкт-Петербург, ст. м. Выборгская;Доступен в режиме работы места установки;False;True;False;True
г. Санкт-Петербург, ст. м. Горьковская;Круглосуточно;False;False;True;True
г. Санкт-Петербург, ст. м. Гостиный двор;пн-пт 08:00-20:00, сб-вс 10:00-20:00;False;True;False;False
г. Санкт-Петербург, ст. м. Гражданский проспект;пн-пт 08:00-20:00, сб-вс 10:00-20:00;False;True;False;False
г. Санкт-Петербург, ст. м. Девяткино;Круглосуточно;True;False;False;True
г. Санкт-Петербург, ст. м. Достоевская;Круглосуточно;False;False;False;True
г. Санкт-Петербург, ст. м. Елизаровская;Круглосуточно;True;False;True;True
г. Санкт-Петербург, ст. м. Звездная;Круглосуточно;False;True;False;False
г. Санкт-Петербург, ст. м. Кировский завод;пн-пт 08:00-20:00, сб-вс 10:00-20:00;True;False;True;False
г. Санкт-Петербург, ст. м. Комендантский проспект;пн-пт 08:00-20:00, сб-вс 10:00-20:00;False;True;True;False
г. Санкт-Петербург, ст. м. Крестовский остров;Круглосуточно;False;False;True;False
г. Санкт-Петербург, ст. м. Купчино;Круглосуточно;True;False;False;True
г. Санкт-Петербург, ст. м. Ладожская;Доступен в режиме работы места установки;False;True;True;True
г. Санкт-Петербург, ст. м. Ленинский проспект;пн-пт 08:00-20:00, сб-вс 10:00-20:00;True;False;False;False
г. Санкт-Петербург, ст. м. Лесная;пн-пт 08:00-20:00, сб-вс 10:00-20:00;False;False;False;True
г. Санкт-Петербург, ст. м. Лиговский проспект;Доступен в режиме работы места установки;True;True;False;True
г. Санкт-Петербург, ст. м. Ломоносовкая;пн-пт 08:00-20:00, сб-вс 10:00-20:00;False;True;True;True
г. Санкт-Петербург, ст. м. Ломоносовская;Доступен в режиме работы места установки;True;False;True;False
г. Санкт-Петербург, ст. м. Маяковская;Круглосуточно;True;False;True;False
г. Санкт-Петербург, ст. м. Московская;Доступен в режиме работы места установки;False;True;True;False
г. Санкт-Петербург, ст. м. Нарвская;пн-пт 08:00-20:00, сб-вс 10:00-20:00;False;True;True;False
г. Санкт-Петербург, ст. м. Невский проспект;Доступен в режиме работы места установки;True;False;False;True
г. Санкт-Петербург, ст. м. Новочеркасская;пн-пт 08:00-20:00, сб-вс 10:00-20:00;True;True;False;False
г. Санкт-Петербург, ст. м. Новочерскасская;Круглосуточно;True;True;False;True
г. Санкт-Петербург, ст. м. Обводный канал;Круглосуточно;True;False;True;False
г. Санкт-Петербург, ст. м. Обухово;Круглосуточно;True;False;True;True
г. Санкт-Петербург, ст. м. Озерки;Круглосуточно;False;True;True;True
г. Санкт-Петербург, ст. м. Парнас;пн-пт 08:00-20:00, сб-вс 10:00-20:00;False;True;False;False
г. Санкт-Петербург, ст. м. Петроградская;пн-пт 08:00-20:00, сб-вс 10:00-20:00;True;False;False;True
г. Санкт-Петербург, ст. м. Пионерская;Доступен в режиме работы места установки;False;True;True;True
г. Санкт-Петербург, ст. м. Площадь Александра Невского 1;пн-пт 08:00-20:00, сб-вс 10:00-20:00;True;True;True;False
г. Санкт-Петербург, ст. м. Площадь Александра Невского 2;пн-пт 08:00-20:00, сб-вс 10:00-20:00;False;False;False;False
г. Санкт-Петербург, ст. м. Площадь Восстания;Доступен в режиме работы места установки;True;False;False;True
г. Санкт-Петербург, ст. м. Площадь Ленина;пн-пт 08:00-20:00, сб-вс 10:00-20:00;True;True;True;True
г. Санкт-Петербург, ст. м. Площадь Мужества;Доступен в режиме работы места установки;True;True;False;False
г. Санкт-Петербург, ст. м. Политехническая;пн-пт 08:00-20:00, сб-вс 10:00-20:00;False;True;False;True
г. Санкт-Петербург, ст. м. Приморская;Круглосуточно;True;False;True;False
г. Санкт-Петербург, ст. м. Пролетарская;Доступен в режиме работы места установки;True;False;False;False
г. Санкт-Петербург, ст. м. Проспект Большевиков;Доступен в режиме работы места установки;False;False;True;False
г. Санкт-Петербург, ст. м. Проспект Просвещения;пн-пт 08:00-20:00, сб-вс 10:00-20:00;True;True;True;False
г. Санкт-Петербург, ст. м. Пушкинская;Доступен в режиме работы места установки;True;False;True;False
г. Санкт-Петербург, ст. м. Рыбацкое;Доступен в режиме работы места установки;False;True;True;True
г. Санкт-Петербург, ст. м. Садовая;Круглосуточно;False;False;True;False
г. Санкт-Петербург, ст. м. Сенная площадь;Круглосуточно;True;True;True;False
г. Санкт-Петербург, ст. м. Спортивная;пн-пт 08:00-20:00, сб-вс 10:00-20:00;True;True;True;False
г. Санкт-Петербург, ст. м. Старая Деревня;Доступен в режиме работы места установки;True;True;False;False
г. Санкт-Петербург, ст. м. Технологический институт;Доступен в режиме работы места установки;False;True;False;True
г. Санкт-Петербург, ст. м. Удельная;пн-пт 08:00-20:00, сб-вс 10:00-20:00;True;True;True;False
г. Санкт-Петербург, ст. м. Черная речка;Круглосуточно;False;True;True;True
г. Санкт-Петербург, ст. м. Чернышевская;пн-пт 08:00-20:00, сб-вс 10:00-20:00;True;True;False;True
г. Санкт-Петербург, ст. м. Чкаловская;пн-пт 08:00-20:00, сб-вс 10:00-20:00;False;False;False;False
г. Санкт-Петербург, ст. м. ул. Дыбенко;Круглосуточно;False;True;True;False
г. Санкт-Петербург, территория Берег Невской Губы, д. 1а;Круглосуточно;True;True;False;True
г. Санкт-Петербург, ул. 1-я Красноармейская, 4;пн-пт 08:00-20:00, сб-вс 10:00-20:00;True;True;False;False
г. Санкт-Петербург, ул. 2-я Жерновская 46;пн-пт 08:00-20:00, сб-вс 10:00-20:00;True;True;True;False
г. Санкт-Петербург, ул. 7-я Советская 9/20;пн-пт 08:00-20:00, сб-вс 10:00-20:00;True;False;False;False
г. Санкт-Петербург, ул. Авангардная, 36;Круглосуточно;True;True;True;False
г. Санкт-Петербург, ул. Академика Павлова, 9;пн-пт 08:00-20:00, сб-вс 10:00-20:00;True;False;True;True
г. Санкт-Петербург, ул. Аккуратова, 2;Круглосуточно;True;False;False;True
г. Санкт-Петербург, ул. Александра Матросова, д. 22;Круглосуточно;True;True;True;True
г. Санкт-Петербург, ул. Арсенальная, д. 9;пн-пт 08:00-20:00, сб-вс 10:00-20:00;False;True;True;False
г. Санкт-Петербург, ул. Бабушкина 38 корп. 2;пн-пт 08:00-20:00, сб-вс 10:00-20:00;False;True;False;True
г. Санкт-Петербург, ул. Бабушкина 9;Круглосуточно;True;False;True;True
г. Санкт-Петербург, ул. Бабушкина, 125;Круглосуточно;False;True;False;True
г. Санкт-Петербург, ул. Бабушкина, д. 111;пн-пт 08:00-20:00, сб-вс 10:00-20:00;False;False;True;True
г. Санкт-Петербург, ул. Балканская, д. 27а;Круглосуточно;True;False;True;False
г. Санкт-Петербург, ул. Бассейная, 17;Доступен в режиме работы места установки;True;False;True;False
г. Санкт-Петербург, ул. Бассейная, 41;пн-пт 08:00-20:00, сб-вс 10:00-20:00;True;False;True;True
г. Санкт-Петербург, ул. Белоостровская, 19;пн-пт 08:00-20:00, сб-вс 10:00-20:00;False;True;False;False
г. Санкт-Петербург, ул. Белоостровская, 6;пн-пт 08:00-20:00, сб-вс 10:00-20:00;True;False;True;False
г. Санкт-Петербург, ул. Белы Куна, 1, корп. 3;Круглосуточно;False;False;True;False
г. Санкт-Петербург, ул. Белы Куна, 16;Круглосуточно;True;False;True;False
г. Санкт-Петербург, ул. Белы Куна, 3;Доступен в режиме работы места установки;True;False;False;False
г. Санкт-Петербург, ул. Благодатная, д. 50;Доступен в режиме работы места установки;False;False;False;True
г. Санкт-Петербург, ул. Большая Зеленина, д. 14;пн-пт 08:00-20:00, сб-вс 10:00-20:00;False;False;False;True
г. Санкт-Петербург, ул. Большая Монетная, д. 16;Круглосуточно;False;False;True;False
г. Санкт-Петербург, ул. Большая Монетная, д. 17-19;Круглосуточно;True;True;False;True
г. Санкт-Петербург, ул. Большая Морская, 22;пн-пт 08:00-20:00, сб-вс 10:00-20:00;True;True;True;True
г. Санкт-Петербург, ул. Большая Морская, 7;Доступен в режиме работы места установки;False;False;True;True
г. Санкт-Петербург, ул. Большая Прохоровская, д. 12/34;Круглосуточно;False;True;False;False
г. Санкт-Петербург, ул. Большая Пушкарская, 47;Круглосуточно;True;True;True;False
г. Санкт-Петербург, ул. Боровая, 47;пн-пт 08:00-20:00, сб-вс 10:00-20:00;False;True;True;True
г. Санкт-Петербург, ул. Боровая, д. 55;Доступен в режиме работы места установки;False;False;False;True
г. Санкт-Петербург, ул. Бородинская, 12/31;Доступен в режиме работы места установки;False;True;True;False
г. Санкт-Петербург, ул. Боткинская, 4;Доступен в режиме работы места установки;False;False;True;True
г. Санкт-Петербург, ул. Боткинская, д. 17;Круглосуточно;True;True;True;False
г. Санкт-Петербург, ул. Будапештская 92;пн-пт 08:00-20:00, сб-вс 10:00-20:00;True;False;True;False
г. Санкт-Петербург, ул. Будапештская, 44;Круглосуточно;False;True;True;True
г. Санкт-Петербург, ул. Будапештская, 94;Доступен в режиме работы места установки;True;False;False;False
г. Санкт-Петербург, ул. Бумажная, д. 17;Доступен в режиме работы места установки;False;False;True;True
г. Санкт-Петербург, ул. Бутлерова, д. 42;пн-пт 08:00-20:00, сб-вс 10:00-20:00;True;False;True;False
г. Санкт-Петербург, ул. Бухарестская, 112;Доступен в режиме работы места установки;False;False;False;False
г. Санкт-Петербург, ул. Бухарестская, 134;Доступен в режиме работы места установки;True;True;False;False
г. Санкт-Петербург, ул. Бухарестская, 23;пн-пт 08:00-20:00, сб-вс 10:00-20:00;False;True;False;False
г. Санкт-Петербург, ул. Бухарестская, 69;пн-пт 08:00-20:00, сб-вс 10:00-20:00;False;True;False;True
г. Санкт-Петербург, ул. Бухарестская, д. 30/32;пн-пт 08:00-20:00, сб-вс 10:00-20:00;True;True;False;True
г. Санкт-Петербург, ул. Бухарестская, д. 32;пн-пт 08:00-20:00, сб-вс 10:00-20:00;False;False;False;False
г. Санкт-Петербург, ул. Бухарестская, д. 43а;Круглосуточно;False;True;True;False
г. Санкт-Петербург, ул. Варшавская 23 корп. 4;Доступен в режиме работы места установки;False;True;False;False
г. Санкт-Петербург, ул. Варшавская, 37;Круглосуточно;True;True;True;False
г. Санкт-Петербург, ул. Варшавская, 65, корп. 2;пн-пт 08:00-20:00, сб-вс 10:00-20:00;False;True;False;True
г. Санкт-Петербург, ул. Варшавская, д. 5а;Круглосуточно;True;False;False;False
г. Санкт-Петербург, ул. Васи Алексеева, 6;пн-пт 08:00-20:00, сб-вс 10:00-20:00;False;False;True;True
г. Санкт-Петербург, ул. Вербная, 21;Круглосуточно;False;False;True;True
г. Санкт-Петербург, ул. Внуковская, 2;Доступен в режиме работы места установки;True;True;False;False
г. Санкт-Петербург, ул. Возрождения, д. 20а;Доступен в режиме работы места установки;False;False;True;False
г. Санкт-Петербург, ул. Восстания, 6;пн-пт 08:00-20:00, сб-вс 10:00-20:00;False;True;False;False
г. Санкт-Петербург, ул. Гаванская, 4;Доступен в режиме работы места установки;False;True;False;True
г. Санкт-Петербург, ул. Гатчинская, 1/56;Доступен в режиме работы места установки;True;True;True;True
г. Санкт-Петербург, ул. Гжатская, д. 21;Доступен в режиме работы места установки;True;False;False;True
г. Санкт-Петербург, ул. Глинки, д. 2;пн-пт 08:00-20:00, сб-вс 10:00-20:00;False;False;False;False
г. Санкт-Петербург, ул. Двинская, 5/7;пн-пт 08:00-20:00, сб-вс 10:00-20:00;True;False;True;True
г. Санкт-Петербург, ул. Декабристов, 43-45;Круглосуточно;False;True;False;True
г. Санкт-Петербург, ул. Джона Рида, 8, корп. 2;Круглосуточно;True;False;False;False
г. Санкт-Петербург, ул. Дибуновская, 55;Доступен в режиме работы места установки;False;True;True;False
г. Санкт-Петербург, ул. Димитрова, 12;Круглосуточно;False;False;False;True
г. Санкт-Петербург, ул. Долгоозерная, 14;Круглосуточно;True;True;False;True
г. Санкт-Петербург, ул. Долгоозерная, 16, корп. 1;пн-пт 08:00-20:00, сб-вс 10:00-20:00;True;True;True;False
г. Санкт-Петербург, ул. Дудко 3;Доступен в режиме работы места установки;False;True;False;True
г. Санкт-Петербург, ул. Думская, 1-3;Круглосуточно;True;False;False;False
г. Санкт-Петербург, ул. Егорова, 21;Круглосуточно;False;False;True;False
г. Санкт-Петербург, ул. Ефимова, 2;пн-пт 08:00-20:00, сб-вс 10:00-20:00;False;False;False;False
г. Санкт-Петербург, ул. Ефимова, 3;Доступен в режиме работы места установки;True;True;False;True
г. Санкт-Петербург, ул. Железноводская, 68;Круглосуточно;False;False;True;True
г. Санкт-Петербург, ул. Жуковского, 30;Круглосуточно;True;False;True;True
г. Санкт-Петербург, ул. Замшина, 27, корп. 1;Круглосуточно;False;True;False;False
г. Санкт-Петербург, ул. Зодчего Росси, 2;Доступен в режиме работы места установки;True;True;False;False
г. Санкт-Петербург, ул. Инженерная, д. 2-4а;Доступен в режиме работы места установки;False;False;False;False
г. Санкт-Петербург, ул. Казанская, 36;пн-пт 08:00-20:00, сб-вс 10:00-20:00;False;False;False;True
г. Санкт-Петербург, ул. Казанская, 8/10;Круглосуточно;True;False;True;True
г. Санкт-Петербург, ул. Кантемировская, 5;Доступен в режиме работы места установки;True;False;False;False
г. Санкт-Петербург, ул. Кантемировская, д. 3, корп. 1;Круглосуточно;False;False;False;False
г. Санкт-Петербург, ул. Капитанская, д. 4;Круглосуточно;False;False;True;True
г. Санкт-Петербург, ул. Карбышева 9;Доступен в режиме работы места установки;False;False;True;False
г. Санкт-Петербург, ул. Карташихина, д. 10/97;пн-пт 08:00-20:00, сб-вс 10:00-20:00;True;True;False;False
г. Санкт-Петербург, ул. Коли Томчака, 27;пн-пт 08:00-20:00, сб-вс 10:00-20:00;False;False;True;True
г. Санкт-Петербург, ул. Коллонтай, 10;Круглосуточно;False;False;True;True
г. Санкт-Петербург, ул. Коллонтай, 24, корп. 2;Доступен в режиме работы места установки;True;True;True;False
г. Санкт-Петербург, ул. Коллонтай, 28;Доступен в режиме работы места установки;True;True;False;False
г. Санкт-Петербург, ул. Коллонтай, 3;пн-пт 08:00-20:00, сб-вс 10:00-20:00;True;False;False;True
г. Санкт-Петербург, ул. Коллонтай, 41;Доступен в режиме работы места установки;False;False;False;False
г. Санкт-Петербург, ул. Коллонтай, д. 31, корп. 2;Доступен в режиме работы места установки;False;True;True;True
г. Санкт-Петербург, ул. Коммунаров, 118;пн-пт 08:00-20:00, сб-вс 10:00-20:00;False;False;True;True
г. Санкт-Петербург, ул. Коммуны, 58;Круглосуточно;False;False;False;False
г. Санкт-Петербург, ул. Коммуны, д. 36;Круглосуточно;True;True;False;False
г. Санкт-Петербург, ул. Комсомола, 1-3;пн-пт 08:00-20:00, сб-вс 10:00-20:00;True;True;False;True
г. Санкт-Петербург, ул. Корабельная, 6;пн-пт 08:00-20:00, сб-вс 10:00-20:00;True;False;False;False
г. Санкт-Петербург, ул. Кораблестроителей, 14;Доступен в режиме работы места установки;True;False;True;True
г. Санкт-Петербург, ул. Кораблестроителей, 21, корп. 1;Круглосуточно;True;True;True;False
г. Санкт-Петербург, ул. Кораблестроителей, 35;пн-пт 08:00-20:00, сб-вс 10:00-20:00;True;False;True;False
г. Санкт-Петербург, ул. Котина, 3;Доступен в режиме работы места установки;True;False;False;False
г. Санкт-Петербург, ул. Красного Текстильщика, 10-12;пн-пт 08:00-20:00, сб-вс 10:00-20:00;True;True;True;False
г. Санкт-Петербург, ул. Красного Текстильщика, 2;Доступен в режиме работы места установки;True;False;False;False
г. Санкт-Петербург, ул. Краснопутиловская, д. 95а;Круглосуточно;True;True;False;False
г. Санкт-Петербург, ул. Крупской, д. 2а;пн-пт 08:00-20:00, сб-вс 10:00-20:00;False;True;True;False
г. Санкт-Петербург, ул. Купчинская, 1/5;пн-пт 08:00-20:00, сб-вс 10:00-20:00;False;True;False;False
г. Санкт-Петербург, ул. Курчатова 10;Доступен в режиме работы места установки;False;True;True;False
г. Санкт-Петербург, ул. Латышских Стрелков, д. 13, корп. 1;пн-пт 08:00-20:00, сб-вс 10:00-20:00;True;True;False;True
г. Санкт-Петербург, ул. Ленсовета, 97;пн-пт 08:00-20:00, сб-вс 10:00-20:00;False;False;False;False
г. Санкт-Петербург, ул. Летчика Пилютова, 1;пн-пт 08:00-20:00, сб-вс 10:00-20:00;True;False;False;True
г. Санкт-Петербург, ул. Летчика Пилютова, 11, корп. 4;Доступен в режиме работы места установки;False;False;True;False
г. Санкт-Петербург, ул. Ломоносова, 5;Круглосуточно;False;False;False;True
г. Санкт-Петербург, ул. Лоцманская, д. 10-14;Доступен в режиме работы места установки;True;False;False;True
г. Санкт-Петербург, ул. Магнитогорская, 30;Круглосуточно;True;False;False;False
г. Санкт-Петербург, ул. Малая Балканская, 27;Круглосуточно;True;False;True;False
г. Санкт-Петербург, ул. Малая Балканская, д. 54;Доступен в режиме работы места установки;True;True;False;False
г. Санкт-Петербург, ул. Малая Морская, 4;Доступен в режиме работы места установки;False;False;False;False
г. Санкт-Петербург, ул. Марата, 65/20;Доступен в режиме работы места установки;False;False;True;False
г. Санкт-Петербург, ул. Марата, 86;пн-пт 08:00-20:00, сб-вс 10:00-20:00;True;False;False;False
г. Санкт-Петербург, ул. Маршала Говорова, д. 12, корп. 1;пн-пт 08:00-20:00, сб-вс 10:00-20:00;True;True;False;True
г. Санкт-Петербург, ул. Маршала Захарова, 23;Круглосуточно;False;True;True;True
г. Санкт-Петербург, ул. Маршала Казакова, д. 35, корп. 9;Доступен в режиме работы места установки;False;True;True;True
г. Санкт-Петербург, ул. Маяковского 1;пн-пт 08:00-20:00, сб-вс 10:00-20:00;False;True;False;False
г. Санкт-Петербург, ул. Маяковского, д. 3а;Доступен в режиме работы места установки;True;False;True;False
г. Санкт-Петербург, ул. Минеральная, 29, корп. 2;пн-пт 08:00-20:00, сб-вс 10:00-20:00;False;True;True;True
г. Санкт-Петербург, ул. Мира, 10;Доступен в режиме работы места установки;True;False;False;True
г. Санкт-Петербург, ул. Михайлова, д. 14;пн-пт 08:00-20:00, сб-вс 10:00-20:00;True;False;True;False
г. Санкт-Петербург, ул. Моховая, д. 33-35;Круглосуточно;True;False;True;False
г. Санкт-Петербург, ул. Наличная, 46;Доступен в режиме работы места установки;True;False;False;False
г. Санкт-Петербург, ул. Народная, 2;Доступен в режиме работы места установки;False;True;True;True
г. Санкт-Петербург, ул. Народная, 68;Круглосуточно;False;False;True;False
г. Санкт-Петербург, ул. Народная, д. 38а;Круглосуточно;False;False;False;True
г. Санкт-Петербург, ул. Нахимова, 14;пн-пт 08:00-20:00, сб-вс 10:00-20:00;True;True;False;True
г. Санкт-Петербург, ул. Олеко Дундича, 17;пн-пт 08:00-20:00, сб-вс 10:00-20:00;False;False;True;False
г. Санкт-Петербург, ул. Олеко Дундича, 34, корп. 1;Доступен в режиме работы места установки;False;True;False;False
г. Санкт-Петербург, ул. Оптиков, 40;Круглосуточно;False;True;True;False
г. Санкт-Петербург, ул. Оптиков, 47;Доступен в режиме работы места установки;True;True;True;True
г. Санкт-Петербург, ул. Осипенко, 2;Доступен в режиме работы места установки;True;False;False;True
г. Санкт-Петербург, ул. Парашютная, 10;Доступен в режиме работы места установки;True;False;False;False
г. Санкт-Петербург, ул. Парашютная, 27;Доступен в режиме работы места установки;True;True;False;False
г. Санкт-Петербург, ул. Партизана Германа, 14/117;Доступен в режиме работы места установки;False;False;False;True
г. Санкт-Петербург, ул. Партизана Германа, 4;пн-пт 08:00-20:00, сб-вс 10:00-20:00;False;False;True;True
г. Санкт-Петербург, ул. Партизана Германа, д. 2;Круглосуточно;True;True;False;False
г. Санкт-Петербург, ул. Партизана Германа, д. 37, корп. 1;пн-пт 08:00-20:00, сб-вс 10:00-20:00;True;False;False;True
г. Санкт-Петербург, ул. Партизанская, 21;Доступен в режиме работы места установки;False;True;False;True
г. Санкт-Петербург, ул. Пилотов, 18/2;Доступен в режиме работы места установки;True;False;False;True
г. Санкт-Петербург, ул. Пинегина, 4;пн-пт 08:00-20:00, сб-вс 10:00-20:00;True;True;True;True
г. Санкт-Петербург, ул. Пионерская, 21;Доступен в режиме работы места установки;True;True;True;True
г. Санкт-Петербург, ул. Пионерстроя, 23а;Доступен в режиме работы места установки;True;True;False;False
г. Санкт-Петербург, ул. Планерная, 57;Доступен в режиме работы места установки;False;False;False;True
г. Санкт-Петербург, ул. Планерная, 59;пн-пт 08:00-20:00, сб-вс 10:00-20:00;True;True;False;True
г. Санкт-Петербург, ул. Планерная, д. 17;Круглосуточно;True;False;False;False
г. Санкт-Петербург, ул. Пограничника Гарькавого, д. 33;Круглосуточно;True;False;False;False
г. Санкт-Петербург, ул. Пограничника Гарькавого, д. 36, корп. 17;Круглосуточно;True;False;True;False
г. Санкт-Петербург, ул. Подвойского, д. 37;пн-пт 08:00-20:00, сб-вс 10:00-20:00;False;True;True;False
г. Санкт-Петербург, ул. Политехническая, 17, корп. 1;Круглосуточно;True;False;True;True
г. Санкт-Петербург, ул. Политехническая, д. 29 Б;пн-пт 08:00-20:00, сб-вс 10:00-20:00;False;False;True;True
г. Санкт-Петербург, ул. Политрука Пасечника, д. 5, корп. 1;пн-пт 08:00-20:00, сб-вс 10:00-20:00;False;True;True;True
г. Санкт-Петербург, ул. Пражская, 48/50;Круглосуточно;False;True;True;False
г. Санкт-Петербург, ул. Прибрежная, 13;Доступен в режиме работы места установки;True;True;False;True
г. Санкт-Петербург, ул. Прибрежная, 20;Доступен в режиме работы места установки;False;True;True;True
г. Санкт-Петербург, ул. Прибрежная, д. 8, корп. 1;Круглосуточно;True;False;False;True
г. Санкт-Петербург, ул. Прогонная, д. 8;Доступен в режиме работы места установки;True;False;False;True
г. Санкт-Петербург, ул. Профессора Попова 23;пн-пт 08:00-20:00, сб-вс 10:00-20:00;True;True;True;True
г. Санкт-Петербург, ул. Профессора Попова, 39;пн-пт 08:00-20:00, сб-вс 10:00-20:00;False;True;True;False
г. Санкт-Петербург, ул. Профессора Попова, 42;пн-пт 08:00-20:00, сб-вс 10:00-20:00;False;False;True;False
г. Санкт-Петербург, ул. Профессора Попова, 5;Доступен в режиме работы места установки;True;True;False;True
г. Санкт-Петербург, ул. Пулковская, 12;Круглосуточно;True;True;False;False
г. Санкт-Петербург, ул. Репищева 13 корп. 1;пн-пт 08:00-20:00, сб-вс 10:00-20:00;True;False;True;False
г. Санкт-Петербург, ул. Репнинская, 7;Круглосуточно;True;True;True;False
г. Санкт-Петербург, ул. Решетникова 14;Доступен в режиме работы места установки;True;False;False;True
г. Санкт-Петербург, ул. Рубинштейна, 18;пн-пт 08:00-20:00, сб-вс 10:00-20:00;False;False;False;False
г. Санкт-Петербург, ул. Руставели, 53;Доступен в режиме работы места установки;True;False;True;True
г. Санкт-Петербург, ул. Руставели, 61;Доступен в режиме работы места установки;True;False;False;False
г. Санкт-Петербург, ул. Руставели, д. 43а;Доступен в режиме работы места установки;True;False;False;True
г. Санкт-Петербург, ул. Рыбинская, 1;Доступен в режиме работы места установки;True;True;False;True
г. Санкт-Петербург, ул. Савушкина, 103;Доступен в режиме работы места установки;False;False;True;False
г. Санкт-Петербург, ул. Савушкина, 112;пн-пт 08:00-20:00, сб-вс 10:00-20:00;True;False;False;True
г. Санкт-Петербург, ул. Савушкина, 116;Доступен в режиме работы места установки;True;True;False;True
г. Санкт-Петербург, ул. Савушкина, 119, корп. 3;Круглосуточно;False;False;False;False
г. Санкт-Петербург, ул. Савушкина, 126;Круглосуточно;True;True;False;True
г. Санкт-Петербург, ул. Савушкина, 128;пн-пт 08:00-20:00, сб-вс 10:00-20:00;True;True;False;False
г. Санкт-Петербург, ул. Савушкина, 141;Доступен в режиме работы места установки;True;False;True;True
г. Санкт-Петербург, ул. Савушкина, 3;Доступен в режиме работы места установки;False;False;True;True
г. Санкт-Петербург, ул. Салова, 50;Круглосуточно;True;False;True;True
г. Санкт-Петербург, ул. Салова, 56;Круглосуточно;False;False;False;True
г. Санкт-Петербург, ул. Салова, 65;Доступен в режиме работы места установки;True;False;True;False
г. Санкт-Петербург, ул. Севастьянова, 7;Доступен в режиме работы места установки;False;True;False;True
г. Санкт-Петербург, ул. Седова 45;Доступен в режиме работы места установки;True;False;True;True
г. Санкт-Петербург, ул. Седова, 11;Доступен в режиме работы места установки;True;False;True;True
г. Санкт-Петербург, ул. Седова, 87;Доступен в режиме работы места установки;False;False;True;True
г. Санкт-Петербург, ул. Смоленская, д. 12а;Доступен в режиме работы места установки;False;True;False;True
г. Санкт-Петербург, ул. Смольного, 3;Круглосуточно;False;True;True;False
г. Санкт-Петербург, ул. Смолячкова, д. 19;Круглосуточно;True;True;False;True
г. Санкт-Петербург, ул. Софийская, 127, корп. 1;Доступен в режиме работы места установки;False;False;False;True
г. Санкт-Петербург, ул. Софийская, 29;Доступен в режиме работы места установки;True;True;True;False
г. Санкт-Петербург, ул. Стародеревенская, д. 36;Доступен в режиме работы места установки;True;True;True;True
г. Санкт-Петербург, ул. Стартовая, 6, корп. Д;Круглосуточно;True;False;True;False
г. Санкт-Петербург, ул. Сытнинская, 12;Доступен в режиме работы места установки;True;False;False;False
г. Санкт-Петербург, ул. Тамбасова, 32;пн-пт 08:00-20:00, сб-вс 10:00-20:00;True;False;True;False
г. Санкт-Петербург, ул. Тамбасова, д. 4;Круглосуточно;False;False;True;False
г. Санкт-Петербург, ул. Тельмана, 31;Доступен в режиме работы места установки;False;True;True;False
г. Санкт-Петербург, ул. Тельмана, д. 56;Доступен в режиме работы места установки;True;True;True;False
г. Санкт-Петербург, ул. Тепловозная, д. 31;Круглосуточно;True;False;True;True
г. Санкт-Петербург, ул. Типанова, 21;Круглосуточно;False;False;True;False
г. Санкт-Петербург, ул. Типанова, 27/39;Круглосуточно;False;True;False;True
г. Санкт-Петербург, ул. Туристская, 24;Доступен в режиме работы места установки;False;True;True;True
г. Санкт-Петербург, ул. Туристская, 28;Доступен в режиме работы места установки;True;True;False;True
г. Санкт-Петербург, ул. Туристская, 36;пн-пт 08:00-20:00, сб-вс 10:00-20:00;True;False;False;False
г. Санкт-Петербург, ул. Тюшина, д. 11;пн-пт 08:00-20:00, сб-вс 10:00-20:00;True;True;False;True
г. Санкт-Петербург, ул. Уральская, 19;Круглосуточно;False;False;False;True
г. Санкт-Петербург, ул. Уральская, 29;пн-пт 08:00-20:00, сб-вс 10:00-20:00;False;False;False;False
г. Санкт-Петербург, ул. Фурштатская, 5;Доступен в режиме работы места установки;True;True;True;False
г. Санкт-Петербург, ул. Фучика, 2;Круглосуточно;False;True;False;False
г. Санкт-Петербург, ул. Хасанская, 10;Доступен в режиме работы места установки;True;False;False;False
г. Санкт-Петербург, ул. Хасанская, 17;Круглосуточно;False;True;False;False
г. Санкт-Петербург, ул. Хлопина, 10;Доступен в режиме работы места установки;False;True;True;True
г. Санкт-Петербург, ул. Чайковского, 46-48;пн-пт 08:00-20:00, сб-вс 10:00-20:00;False;True;False;False
г. Санкт-Петербург, ул. Чайковского, 62;Круглосуточно;True;False;True;True
г. Санкт-Петербург, ул. Чапаева, 15, корп. 2;Доступен в режиме работы места установки;True;False;True;False
г. Санкт-Петербург, ул. Чекистов, 28;Круглосуточно;False;True;True;False
г. Санкт-Петербург, ул. Челябинская, 95;пн-пт 08:00-20:00, сб-вс 10:00-20:00;False;False;False;False
г. Санкт-Петербург, ул. Чугунная, 4;Круглосуточно;True;True;True;True
г. Санкт-Петербург, ул. Шателена, д. 26, стр. а;Доступен в режиме работы места установки;False;False;True;False
г. Санкт-Петербург, ул. Шереметьевская, 11;Доступен в режиме работы места установки;True;True;True;True
г. Санкт-Петербург, ул. Школьная, 96;Доступен в режиме работы места установки;True;False;False;True
г. Санкт-Петербург, ул. Шпалерная, д. 36;Круглосуточно;False;True;True;False
г. Санкт-Петербург, ул. Ярослава Гашека, 6;Круглосуточно;True;False;False;False
г. Санкт-Петербург, ул. Ярослава Гашека, 9;Доступен в режиме работы места установки;True;True;False;False
г. Санкт-Петербург, ул. Яхтенная, 10;Круглосуточно;True;False;True;False
г. Санкт-Петербург, ул. Яхтенная, 38, корп. 1;пн-пт 08:00-20:00, сб-вс 10:00-20:00;False;False;True;True
г. Санкт-Петербург, ул. Блохина, д. 33;пн-пт 08:00-20:00, сб-вс 10:00-20:00;True;True;False;False
г. Санкт-Петербург, ул. Большая Морская, 67;пн-пт 08:00-20:00, сб-вс 10:00-20:00;True;False;False;False
г. Санкт-Петербург, ул. Бухарестская, д. 89;пн-пт 08:00-20:00, сб-вс 10:00-20:00;True;True;True;True
г. Санкт-Петербург, ул. Карбышева, 15;Круглосуточно;True;False;True;False
г. Санкт-Петербург, ул. Малая Посадская, 30;Круглосуточно;False;False;True;False
г. Санкт-Петербург, ул. Марата, 11;Круглосуточно;False;False;True;True
г. Санкт-Петербург, ул. Оптиков, 6;пн-пт 08:00-20:00, сб-вс 10:00-20:00;False;False;True;False
г. Санкт-Петербург, ул. Оренбургская, д. 4;Круглосуточно;True;False;True;True
г. Санкт-Петербург, ул. Пилотов, д. 31;пн-пт 08:00-20:00, сб-вс 10:00-20:00;True;True;False;False
г. Санкт-Петербург, ул. Планерная, 17;Круглосуточно;True;False;False;False
г. Санкт-Петербург, ул. Республиканская, д. 22;Доступен в режиме работы места установки;True;True;False;False
г. Санкт-Петербург, ул. Савушкина, д. 82;Круглосуточно;True;True;True;False
г. Санкт-Петербург, ул. Самойловой, 5;пн-пт 08:00-20:00, сб-вс 10:00-20:00;True;True;True;True
г. Санкт-Петербург, ул. Хасанская, 15;Круглосуточно;True;True;False;False
г. Санкт-Петербург, ул. Челябинская, д. 46;пн-пт 08:00-20:00, сб-вс 10:00-20:00;False;True;False;True
г. Санкт-Петербург, шоссе Выборгское, 11;Доступен в режиме работы места установки;True;False;False;False
г. Санкт-Петербург, шоссе Выборгское, 15;пн-пт 08:00-20:00, сб-вс 10:00-20:00;False;True;False;True
г. Санкт-Петербург, шоссе Выборгское, 19, корп. 1;Доступен в режиме работы места установки;False;True;True;False
г. Санкт-Петербург, шоссе Выборгское, 21;Круглосуточно;False;False;False;True
г. Санкт-Петербург, шоссе Выборгское, 3/1;Круглосуточно;False;True;False;False
г. Санкт-Петербург, шоссе Выборгское, 503, корп. 2;Круглосуточно;True;False;False;True
г. Санкт-Петербург, шоссе Выборгское, д. 1;Доступен в режиме работы места установки;False;False;True;False
г. Санкт-Петербург, шоссе Выборгское, д. 23/1а;Доступен в режиме работы места установки;True;True;False;False
г. Санкт-Петербург, шоссе Выборгское, д. 216, корп. 1;пн-пт 08:00-20:00, сб-вс 10:00-20:00;True;True;False;False
г. Санкт-Петербург, шоссе Красносельское, д. 40;пн-пт 08:00-20:00, сб-вс 10:00-20:00;True;False;False;False
г. Санкт-Петербург, шоссе Красносельское, д. 54/3;пн-пт 08:00-20:00, сб-вс 10:00-20:00;True;True;False;False
г. Санкт-Петербург, шоссе Ланское, 69;Круглосуточно;True;True;True;True
г. Санкт-Петербург, шоссе Петергофское, 17;пн-пт 08:00-20:00, сб-вс 10:00-20:00;False;True;False;True
г. Санкт-Петербург, шоссе Петергофское, 45;пн-пт 08:00-20:00, сб-вс 10:00-20:00;False;True;False;True
г. Санкт-Петербург, шоссе Петергофское, 51;пн-пт 08:00-20:00, сб-вс 10:00-20:00;True;False;False;True
г. Санкт-Петербург, шоссе Петергофское, 98;Доступен в режиме работы места установки;False;False;True;True
г. Санкт-Петербург, шоссе Петергофское, д. 3, корп. 1;Доступен в режиме работы места установки;True;False;False;True
г. Санкт-Петербург, шоссе Пулковское 43 корп. 2;Доступен в режиме работы места установки;True;True;True;True
г. Санкт-Петербург, шоссе Пулковское, 109;Доступен в режиме работы места установки;False;True;False;True
г. Санкт-Петербург, шоссе Пулковское, 17, корп. 2;Доступен в режиме работы места установки;True;False;True;False
г. Санкт-Петербург, шоссе Пулковское, 25;Круглосуточно;False;True;True;False
г. Санкт-Петербург, шоссе Пулковское, 3 корп. 1;Доступен в режиме работы места установки;True;True;False;True
г. Санкт-Петербург, шоссе Пулковское, 36, корп. 3;Доступен в режиме работы места установки;True;True;False;False
г. Санкт-Петербург, шоссе Пулковское, 38;Круглосуточно;True;False;True;False
г. Санкт-Петербург, шоссе Пулковское, д. 32а;Круглосуточно;True;True;True;False
г. Санкт-Петербург, шоссе Пулковское, д. 40, корп. 4;пн-пт 08:00-20:00, сб-вс 10:00-20:00;True;True;True;False
г. Санкт-Петербург, шоссе Пулковское, д. 43, корп. 1;Доступен в режиме работы места установки;True;True;True;False
г. Санкт-Петербург, шоссе Пулковское, д. 72а;Доступен в режиме работы места установки;True;False;False;True
г. Санкт-Петербург, шоссе Революции, 16;Круглосуточно;True;False;False;False
г. Санкт-Петербург, шоссе Революции, 37, корп. 1;Круглосуточно;False;True;False;True
г. Санкт-Петербург, шоссе Революции, 41/39;Круглосуточно;True;True;False;True
г. Санкт-Петербург, шоссе Таллинское, 159;Доступен в режиме работы места установки;False;False;False;False
г. Санкт-Петербург, шоссе Таллинское, д. 155, корп. 1;Доступен в режиме работы места установки;False;False;True;True
г. Санкт-Петербург, шоссе Южное, д. 39;Доступен в режиме работы места установки;False;True;True;False
